select * from json_table('[{"a": 1, "b": [11,111]}, {"a": 2, "b": [22,222]}]', '$[*]' COLUMNS( a INT PATH '$.a')) as tt;
a
1
2
select * from JSON_TABLE( '[ {"a": 1, "b": [11,111]}, {"a": 2, "b": [22,222]}, {"a":3}]', '$[*]' COLUMNS( a INT PATH '$.a', NESTED PATH '$.b[*]' COLUMNS (b INT PATH '$'))) as jt;
a	b
1	11
1	111
2	22
2	222
SELECT *  FROM   JSON_TABLE( '[ {"a": 1, "b": [11,111]}, {"a": 2, "b": [22,222]}, {"a":3}]', '$[*]' COLUMNS( a INT PATH '$.a', NESTED PATH '$.b[*]' COLUMNS (b INT PATH '$'), NESTED PATH '$.b[*]' COLUMNS (c INT PATH '$') ) ) jt;
a	b	c
1	11	NULL
1	111	NULL
1	NULL	11
1	NULL	111
2	22	NULL
2	222	NULL
2	NULL	22
2	NULL	222
create table t1 (id varchar(5), json varchar(1024));
insert into t1 values ('j1', '[{"a": 1, "b": [11,111]}, {"a": 2, "b": [22,222]}]');
insert into t1 values ('j2', '[{"a": 3, "b": [11,111]}, {"a": 4, "b": [22,222]}, {"a": 5, "b": [22,222]}]');
select id, json, a from t1, json_table(t1.json, '$[*]' COLUMNS(js_id FOR ORDINALITY, a INT PATH '$.a')) as tt;
id	json	a
j1	[{"a": 1, "b": [11,111]}, {"a": 2, "b": [22,222]}]	1
j1	[{"a": 1, "b": [11,111]}, {"a": 2, "b": [22,222]}]	2
j2	[{"a": 3, "b": [11,111]}, {"a": 4, "b": [22,222]}, {"a": 5, "b": [22,222]}]	3
j2	[{"a": 3, "b": [11,111]}, {"a": 4, "b": [22,222]}, {"a": 5, "b": [22,222]}]	4
j2	[{"a": 3, "b": [11,111]}, {"a": 4, "b": [22,222]}, {"a": 5, "b": [22,222]}]	5
select * from t1, JSON_TABLE(t1.json, '$[*]' COLUMNS(js_id FOR ORDINALITY, a INT PATH '$.a', NESTED PATH '$.b[*]' COLUMNS (l_js_id FOR ORDINALITY, b INT PATH '$'))) as jt;
id	json	js_id	a	l_js_id	b
j1	[{"a": 1, "b": [11,111]}, {"a": 2, "b": [22,222]}]	1	1	1	11
j1	[{"a": 1, "b": [11,111]}, {"a": 2, "b": [22,222]}]	1	1	2	111
j1	[{"a": 1, "b": [11,111]}, {"a": 2, "b": [22,222]}]	2	2	1	22
j1	[{"a": 1, "b": [11,111]}, {"a": 2, "b": [22,222]}]	2	2	2	222
j2	[{"a": 3, "b": [11,111]}, {"a": 4, "b": [22,222]}, {"a": 5, "b": [22,222]}]	1	3	1	11
j2	[{"a": 3, "b": [11,111]}, {"a": 4, "b": [22,222]}, {"a": 5, "b": [22,222]}]	1	3	2	111
j2	[{"a": 3, "b": [11,111]}, {"a": 4, "b": [22,222]}, {"a": 5, "b": [22,222]}]	2	4	1	22
j2	[{"a": 3, "b": [11,111]}, {"a": 4, "b": [22,222]}, {"a": 5, "b": [22,222]}]	2	4	2	222
j2	[{"a": 3, "b": [11,111]}, {"a": 4, "b": [22,222]}, {"a": 5, "b": [22,222]}]	3	5	1	22
j2	[{"a": 3, "b": [11,111]}, {"a": 4, "b": [22,222]}, {"a": 5, "b": [22,222]}]	3	5	2	222
select * from t1, JSON_TABLE(t1.no_field, '$[*]' COLUMNS(js_id FOR ORDINALITY, a INT PATH '$.a', NESTED PATH '$.b[*]' COLUMNS (l_js_id FOR ORDINALITY, b INT PATH '$'))) as jt;
ERROR 42S22: Unknown column 't1.no_field' in 'JSON_TABLE argument'
select * from t1, JSON_TABLE(t1.no_field, '$[*]' COLUMNS(js_id FOR ORDINALITY, a INT PATH '$.a', NESTED PATH '$.b[*]' COLUMNS (l_js_id FOR ORDINALITY, a INT PATH '$'))) as jt;
ERROR 42S21: Duplicate column name 'a'
DROP TABLE t1;
create table t1 (item_name varchar(32), item_props varchar(1024));
insert into t1 values ('Laptop', '{"color": "black", "price": 1000}');
insert into t1 values ('Jeans',  '{"color": "blue", "price": 50}');
select * from t1 left join json_table(t1.item_props,'$' columns( color varchar(100) path '$.color')) as T on 1;
item_name	item_props	color
Laptop	{"color": "black", "price": 1000}	black
Jeans	{"color": "blue", "price": 50}	blue
select * from t1 right join json_table(t1.item_props,'$' columns( color varchar(100) path '$.color')) as T on 1;
ERROR 42000: Cross dependency found in OUTER JOIN; examine your ON conditions
DROP TABLE t1;
select * from JSON_TABLE( '[ {"xa": 1, "b": [11,111]}, {"a": 2, "b": [22,222]}, {"a":3}]', '$[*]' COLUMNS( a INT PATH '$.a' default '101' on empty, NESTED PATH '$.b[*]' COLUMNS (b INT PATH '$'))) as jt;
a	b
101	11
101	111
2	22
2	222
select * from JSON_TABLE( '[ {"xa": 1, "b": [11,111]}, {"a": 2, "b": [22,222]}, {"a":3}]', '$[*]' COLUMNS( a INT PATH '$.a' default '202' on error, NESTED PATH '$.b[*]' COLUMNS (b INT PATH '$'))) as jt;
a	b
NULL	11
NULL	111
2	22
2	222
select * from JSON_TABLE( '[ {"a": [1, 2], "b": [11,111]}, {"a": 2, "b": [22,222]}, {"a":3}]', '$[*]' COLUMNS( a INT PATH '$.a' default '101' on empty, NESTED PATH '$.b[*]' COLUMNS (b INT PATH '$'))) as jt;
a	b
NULL	11
NULL	111
2	22
2	222
select * from JSON_TABLE( '[ {"a": [1, 2], "b": [11,111]}, {"a": 2, "b": [22,222]}, {"a":3}]', '$[*]' COLUMNS( a INT PATH '$.a' default '202' on error default '101' on empty, NESTED PATH '$.b[*]' COLUMNS (b INT PATH '$'))) as jt;
a	b
202	11
202	111
2	22
2	222
select * from JSON_TABLE( '[{"a": [1, 2], "b": [11,111]}, {"a": 2, "b": [22,222]}, {"a":3} xx YY]', '$[*]' COLUMNS( a INT PATH '$.a' default '202' on error default '101' on empty, NESTED PATH '$.b[*]' COLUMNS (b INT PATH '$'))) as jt;
ERROR HY000: Syntax error in JSON text in argument 1 to function 'JSON_TABLE' at position 65
select * from JSON_TABLE( '[{"a": [1, 2], "b": [11,111]}, {"a": 2, "b": [22,222]}, {"a":3}]', '$[*]' COLUMNS( a INT PATH '$.a' error on error default '101' on empty, NESTED PATH '$.b[*]' COLUMNS (b INT PATH '$'))) as jt;
ERROR HY000: Field 'a' can't be set for JSON_TABLE 'jt'.
select * from json_table('{"a":0}',"$" columns(a decimal(1,1) path '$.a')) foo;
a
0.0
connect  con1,localhost,root,,;
select a from json_table('{"a":0}',"$" columns(a for ordinality)) foo;
a
1
connection default;
disconnect con1;
create database db;
use db;
create table t (a text);
insert into t values ('{"foo":"bar"}');
create user u@localhost;
grant select (a) on db.t to u@localhost;
connect  con1,localhost,u,,db;
select a from t;
a
{"foo":"bar"}
select * from t, json_table(t.a, '$' columns(f varchar(20) path '$.foo')) as jt;
a	f
{"foo":"bar"}	bar
connection default;
disconnect con1;
drop user u@localhost;
drop database db;
#
# End of 10.5 tests
#
